Level,Icon
3,https://static.wikia.nocookie.net/clashofclans/images/f/f5/Wall3.png/revision/latest/scale-to-width-down/75?cb=20171205125432
5,https://static.wikia.nocookie.net/clashofclans/images/c/c4/Wall5.png/revision/latest/scale-to-width-down/75?cb=20171205125503
2,https://static.wikia.nocookie.net/clashofclans/images/9/97/Wall2.png/revision/latest/scale-to-width-down/75?cb=20171205125418
7,https://static.wikia.nocookie.net/clashofclans/images/b/be/Wall7.png/revision/latest/scale-to-width-down/75?cb=20171205125539
8,https://static.wikia.nocookie.net/clashofclans/images/0/06/Wall8.png/revision/latest/scale-to-width-down/75?cb=20171205125553
12,https://static.wikia.nocookie.net/clashofclans/images/4/41/Wall12.png/revision/latest/scale-to-width-down/75?cb=20171205125655
14,https://static.wikia.nocookie.net/clashofclans/images/5/53/Wall14.png/revision/latest/scale-to-width-down/75?cb=20201023201151
11,https://static.wikia.nocookie.net/clashofclans/images/8/86/Wall11.png/revision/latest/scale-to-width-down/75?cb=20171205125639
15,https://static.wikia.nocookie.net/clashofclans/images/6/61/Wall15.png/revision/latest/scale-to-width-down/75?cb=20210413212225
17,https://static.wikia.nocookie.net/clashofclans/images/6/6c/Wall17.png/revision/latest/scale-to-width-down/52?cb=20231211074305
1,https://static.wikia.nocookie.net/clashofclans/images/7/74/Wall1.png/revision/latest/scale-to-width-down/75?cb=20171205125404
9,https://static.wikia.nocookie.net/clashofclans/images/9/93/Wall9.png/revision/latest/scale-to-width-down/75?cb=20171205125607
16,https://static.wikia.nocookie.net/clashofclans/images/8/81/Wall16.png/revision/latest/scale-to-width-down/75?cb=20221010075457
4,https://static.wikia.nocookie.net/clashofclans/images/6/62/Wall4.png/revision/latest/scale-to-width-down/75?cb=20171205125448
6,https://static.wikia.nocookie.net/clashofclans/images/c/c7/Wall6.png/revision/latest/scale-to-width-down/75?cb=20171205125519
13,https://static.wikia.nocookie.net/clashofclans/images/2/23/Wall13.png/revision/latest/scale-to-width-down/75?cb=20180604155743
18,https://static.wikia.nocookie.net/clashofclans/images/0/02/Wall18.png/revision/latest/scale-to-width-down/52?cb=20241122153141
10,https://static.wikia.nocookie.net/clashofclans/images/8/8b/Wall10.png/revision/latest/scale-to-width-down/75?cb=20171205125626
